{
  "modulesPath": "./modules",
  "deploy": {
    "mode": "local",
    "target": "aws"
  },
  "db": {
    "driver": "sqlite",
    "dsn": "enterprise-os.db"
  },
  "jwt": {
    "issuer": "enterpriseos.com/identity",
    "aud": "core-services",
    "ttl": 3600,
    "secret": "${JWT_SECRET}",
    "private_key_path": "${JWT_PRIVATE_KEY_PATH}"
  },
  "rbac": {
    "policyPath": "./security/rbac-policy.json"
  },
  "cloud": {
    "target": "aws",
    "region": "us-east-1",
    "subscriptionId": "AWS_ACCOUNT_ID_OR_AZURE_SUBSCRIPTION_ID"
  }
}
