{"spdxVersion":"SPDX-2.3","dataLicense":"CC0-1.0","SPDXID":"SPDXRef-DOCUMENT","name":"/Users/cr/enterprise_os_projects/synergy","documentNamespace":"https://anchore.com/syft/dir/Users/cr/enterprise_os_projects/synergy-4621a1b9-3feb-4ea9-acdd-75c613f3302c","creationInfo":{"licenseListVersion":"3.27","creators":["Organization: Anchore, Inc","Tool: syft-1.37.0"],"created":"2025-11-14T11:46:41Z"},"packages":[{"name":"/Users/cr/enterprise_os_projects/synergy","SPDXID":"SPDXRef-DocumentRoot-Directory--Users-cr-enterprise-os-projects-synergy","supplier":"NOASSERTION","downloadLocation":"NOASSERTION","filesAnalyzed":false,"licenseConcluded":"NOASSERTION","licenseDeclared":"NOASSERTION","copyrightText":"NOASSERTION","primaryPackagePurpose":"FILE"}],"relationships":[{"spdxElementId":"SPDXRef-DOCUMENT","relatedSpdxElement":"SPDXRef-DocumentRoot-Directory--Users-cr-enterprise-os-projects-synergy","relationshipType":"DESCRIBES"}]}
