{"spdxVersion":"SPDX-2.3","dataLicense":"CC0-1.0","SPDXID":"SPDXRef-DOCUMENT","name":"/Users/cr/enterprise_os_projects/aegis","documentNamespace":"https://anchore.com/syft/dir/Users/cr/enterprise_os_projects/aegis-4c74a054-cd08-4aa1-bc4e-8d2463ffc35c","creationInfo":{"licenseListVersion":"3.27","creators":["Organization: Anchore, Inc","Tool: syft-1.37.0"],"created":"2025-11-14T11:46:23Z"},"packages":[{"name":"/Users/cr/enterprise_os_projects/aegis","SPDXID":"SPDXRef-DocumentRoot-Directory--Users-cr-enterprise-os-projects-aegis","supplier":"NOASSERTION","downloadLocation":"NOASSERTION","filesAnalyzed":false,"licenseConcluded":"NOASSERTION","licenseDeclared":"NOASSERTION","copyrightText":"NOASSERTION","primaryPackagePurpose":"FILE"}],"relationships":[{"spdxElementId":"SPDXRef-DOCUMENT","relatedSpdxElement":"SPDXRef-DocumentRoot-Directory--Users-cr-enterprise-os-projects-aegis","relationshipType":"DESCRIBES"}]}
