{"spdxVersion":"SPDX-2.3","dataLicense":"CC0-1.0","SPDXID":"SPDXRef-DOCUMENT","name":"/Users/cr/enterprise_os_projects/connect","documentNamespace":"https://anchore.com/syft/dir/Users/cr/enterprise_os_projects/connect-625477f6-34d2-4e2b-acb8-52ed1a8b4c59","creationInfo":{"licenseListVersion":"3.27","creators":["Organization: Anchore, Inc","Tool: syft-1.37.0"],"created":"2025-11-14T11:47:06Z"},"packages":[{"name":"/Users/cr/enterprise_os_projects/connect","SPDXID":"SPDXRef-DocumentRoot-Directory--Users-cr-enterprise-os-projects-connect","supplier":"NOASSERTION","downloadLocation":"NOASSERTION","filesAnalyzed":false,"licenseConcluded":"NOASSERTION","licenseDeclared":"NOASSERTION","copyrightText":"NOASSERTION","primaryPackagePurpose":"FILE"}],"relationships":[{"spdxElementId":"SPDXRef-DOCUMENT","relatedSpdxElement":"SPDXRef-DocumentRoot-Directory--Users-cr-enterprise-os-projects-connect","relationshipType":"DESCRIBES"}]}
