{"spdxVersion":"SPDX-2.3","dataLicense":"CC0-1.0","SPDXID":"SPDXRef-DOCUMENT","name":"/Users/cr/enterprise_os_projects/orchard","documentNamespace":"https://anchore.com/syft/dir/Users/cr/enterprise_os_projects/orchard-87b7bd3e-55d4-4e88-8785-7456a0f80587","creationInfo":{"licenseListVersion":"3.27","creators":["Organization: Anchore, Inc","Tool: syft-1.37.0"],"created":"2025-11-14T11:46:58Z"},"packages":[{"name":"/Users/cr/enterprise_os_projects/orchard","SPDXID":"SPDXRef-DocumentRoot-Directory--Users-cr-enterprise-os-projects-orchard","supplier":"NOASSERTION","downloadLocation":"NOASSERTION","filesAnalyzed":false,"licenseConcluded":"NOASSERTION","licenseDeclared":"NOASSERTION","copyrightText":"NOASSERTION","primaryPackagePurpose":"FILE"}],"relationships":[{"spdxElementId":"SPDXRef-DOCUMENT","relatedSpdxElement":"SPDXRef-DocumentRoot-Directory--Users-cr-enterprise-os-projects-orchard","relationshipType":"DESCRIBES"}]}
