{"spdxVersion":"SPDX-2.3","dataLicense":"CC0-1.0","SPDXID":"SPDXRef-DOCUMENT","name":"/Users/cr/enterprise_os_projects/sentry","documentNamespace":"https://anchore.com/syft/dir/Users/cr/enterprise_os_projects/sentry-6e883e5f-a6e9-40d8-9c59-09a277fc2e9a","creationInfo":{"licenseListVersion":"3.27","creators":["Organization: Anchore, Inc","Tool: syft-1.37.0"],"created":"2025-11-14T11:46:15Z"},"packages":[{"name":"/Users/cr/enterprise_os_projects/sentry","SPDXID":"SPDXRef-DocumentRoot-Directory--Users-cr-enterprise-os-projects-sentry","supplier":"NOASSERTION","downloadLocation":"NOASSERTION","filesAnalyzed":false,"licenseConcluded":"NOASSERTION","licenseDeclared":"NOASSERTION","copyrightText":"NOASSERTION","primaryPackagePurpose":"FILE"}],"relationships":[{"spdxElementId":"SPDXRef-DOCUMENT","relatedSpdxElement":"SPDXRef-DocumentRoot-Directory--Users-cr-enterprise-os-projects-sentry","relationshipType":"DESCRIBES"}]}
