{"spdxVersion":"SPDX-2.3","dataLicense":"CC0-1.0","SPDXID":"SPDXRef-DOCUMENT","name":"/Users/cr/enterprise_os_projects/clarity","documentNamespace":"https://anchore.com/syft/dir/Users/cr/enterprise_os_projects/clarity-52944574-8ff6-4287-9d07-7545787e37b7","creationInfo":{"licenseListVersion":"3.27","creators":["Organization: Anchore, Inc","Tool: syft-1.37.0"],"created":"2025-11-14T11:46:49Z"},"packages":[{"name":"/Users/cr/enterprise_os_projects/clarity","SPDXID":"SPDXRef-DocumentRoot-Directory--Users-cr-enterprise-os-projects-clarity","supplier":"NOASSERTION","downloadLocation":"NOASSERTION","filesAnalyzed":false,"licenseConcluded":"NOASSERTION","licenseDeclared":"NOASSERTION","copyrightText":"NOASSERTION","primaryPackagePurpose":"FILE"}],"relationships":[{"spdxElementId":"SPDXRef-DOCUMENT","relatedSpdxElement":"SPDXRef-DocumentRoot-Directory--Users-cr-enterprise-os-projects-clarity","relationshipType":"DESCRIBES"}]}
