{"spdxVersion":"SPDX-2.3","dataLicense":"CC0-1.0","SPDXID":"SPDXRef-DOCUMENT","name":"/Users/cr/enterprise_os_projects/chimera","documentNamespace":"https://anchore.com/syft/dir/Users/cr/enterprise_os_projects/chimera-026fda62-027c-43de-bebb-6ad56c498e57","creationInfo":{"licenseListVersion":"3.27","creators":["Organization: Anchore, Inc","Tool: syft-1.37.0"],"created":"2025-11-14T11:46:03Z"},"packages":[{"name":"/Users/cr/enterprise_os_projects/chimera","SPDXID":"SPDXRef-DocumentRoot-Directory--Users-cr-enterprise-os-projects-chimera","supplier":"NOASSERTION","downloadLocation":"NOASSERTION","filesAnalyzed":false,"licenseConcluded":"NOASSERTION","licenseDeclared":"NOASSERTION","copyrightText":"NOASSERTION","primaryPackagePurpose":"FILE"}],"relationships":[{"spdxElementId":"SPDXRef-DOCUMENT","relatedSpdxElement":"SPDXRef-DocumentRoot-Directory--Users-cr-enterprise-os-projects-chimera","relationshipType":"DESCRIBES"}]}
