{"spdxVersion":"SPDX-2.3","dataLicense":"CC0-1.0","SPDXID":"SPDXRef-DOCUMENT","name":"/Users/cr/enterprise_os_projects/veritas","documentNamespace":"https://anchore.com/syft/dir/Users/cr/enterprise_os_projects/veritas-50c24769-071e-474d-bde7-9ed05ea495b3","creationInfo":{"licenseListVersion":"3.27","creators":["Organization: Anchore, Inc","Tool: syft-1.37.0"],"created":"2025-11-14T11:46:32Z"},"packages":[{"name":"/Users/cr/enterprise_os_projects/veritas","SPDXID":"SPDXRef-DocumentRoot-Directory--Users-cr-enterprise-os-projects-veritas","supplier":"NOASSERTION","downloadLocation":"NOASSERTION","filesAnalyzed":false,"licenseConcluded":"NOASSERTION","licenseDeclared":"NOASSERTION","copyrightText":"NOASSERTION","primaryPackagePurpose":"FILE"}],"relationships":[{"spdxElementId":"SPDXRef-DOCUMENT","relatedSpdxElement":"SPDXRef-DocumentRoot-Directory--Users-cr-enterprise-os-projects-veritas","relationshipType":"DESCRIBES"}]}
